Category,Parties,Agreement Date,Effective Date,Expiration Date,Renewal Term,Governing Law,Exact Law,Law Explanation
Co_Branding,"['PrimeCall', 'deltathree.com, Inc. (formerly known as Delta Three, Inc.)', 'RSL COM PrimeCall, Inc.', 'DeltaThree']","['October 1, 1999']","['October 1, 1999']","['The term of this Agreement shall be effective as of the date first stated above and shall continue for a term of three (3) years, unless terminated earlier in accordance with the provisions of this Agreement (the ""Term""); provided, however, that PrimeCall may elect to terminate this Agreement, upon thirty (30) days\' written notice, at any time from and after the time that collectively RSL Communications, Ltd. and/or its Affiliates holds less than fifty percent (50%) of the voting control of DeltaThree\'s outstanding shares.']",[],Indian Law,Indian Contract Act 1872 & Trademark Act 1999,"Governs co-branding agreements, trademark usage, and contractual obligations between parties"
Co_Branding,"['Women.com', 'eDiets', 'WOMEN.COM NETWORKS, INC.', 'EDIETS.COM, INC.']","['May 22, 2000']","['May 22, 2000']","['This Agreement will become effective as of the Effective Date and, unless sooner terminated pursuant to Sections 3.1<omitted>, shall remain effective for two (2) years from and after the Effective Date (the ""Initial Term"").']","['This agreement shall automatically renew for additional successive terms of twelve (12) months each at the end of the Initial Term (""Renewal Terms""), unless either party notifies the other in writing at least sixty (60) days prior to the end of the Initial Term.']",Indian Law,Indian Contract Act 1872 & Trademark Act 1999,"Governs co-branding agreements, trademark usage, and contractual obligations between parties"
Co_Branding,"['d/b/a Time Life Music', 'Integrity', 'TL', 'TIME LIFE, INC.', 'INTEGRITY INCORPORATED']",['10th day of January 2000'],[],"['This agreement shall commence as of date first above written, and shall Continue through December 31, 2004 (""the Term"").']",[],Indian Law,Indian Contract Act 1872 & Trademark Act 1999,"Governs co-branding agreements, trademark usage, and contractual obligations between parties"
Co_Branding,"['Endorser', 'collectively, Lender, Endorser, and Fitness are referred to as the ""AS Parties""', 'MusclePharm Corporation', 'Lender', 'Marine MP, LLC', 'Arnold Schwarzenegger', 'Fitness', 'collectively, ""MusclePharm"" or the ""Company""', 'Fitness Publications, Inc.']","['July 26, 2013']","['July 26, 2013']","['The Term shall commence on July 23, 2013 and shall expire on July 22, 2016, unless otherwise terminated earlier pursuant to Section 9 of this Agreement.', 'This Agreement shall have an Initial Term of three (3) years.']","['If this Agreement is renewed for the Second Additional Term, then the Second Additional Term shall commence on July 23, 2019 and the Agreement shall expire and terminate automatically without further notice on July 22, 2022.', 'In the event that MusclePharm shall achieve Net Sales (as defined below) of $20 million (the ""First Renewal Threshold"") in the aggregate during the Third Contract Year, then this Agreement shall automatically be renewed for an additional term of three (3) years (the ""First Additional Term"") on the same terms and conditions for the Initial Term except that: (i) no additional Stock Compensation (as defined below) shall be issued in connection with the renewal Term, (ii) the Cash Compensation for the First Additional Term shall be as set forth in Section 7 and Exhibit ""C"" Section (2) attached hereto, (iii) Endorser shall only be obligated to make two (2) Appearances in each Contract Year during the First Additional Term pursuant to Section 4(a)(ii) below and (iv) the marketing budget to promote the Licensed Products shall be $5.0 million during each Contract Year of the First Additional Term (subject to Section 12(b) of this Agreement).', 'If this Agreement is renewed for the First Additional Term, then the First Additional Term shall commence on July 23, 2016, and the Agreement shall expire and terminate automatically without further notice on July 22, 2019.', 'In the event that MusclePharm shall achieve Net Sales of $50 million (the ""Second Renewal Threshold"") in the aggregate during the sixth Contract Year, then this Agreement shall automatically be renewed for an additional term of three (3) years (the ""Second Additional Term"") on the same terms and conditions for the initial Term except that: (i) no additional Stock Compensation (as defined below) shall be issued in connection with the renewal Term, (ii) the Cash Compensation for the renewal Term shall be as set forth in Section 7 and Exhibit ""C"" Section (3) attached hereto, (iii) Endorser shall only be obligated to make two (2) Appearances in each Contract Year during the Second Additional Term pursuant to Section 4(a)(ii) below and (iv) the marketing budget to promote the Licensed Products shall be $5.0 in each Contract Year of the Second Additional Term (subject to Section 12(b) of this Agreement).']",Indian Law,Indian Contract Act 1872 & Trademark Act 1999,"Governs co-branding agreements, trademark usage, and contractual obligations between parties"
Co_Branding,"['Skype, Online BVI and the Company may be referred to individually as ""Party"" and collectively as ""Parties."" Skype, Online BVI, the Company, Skype Holding and Tom Holding may be referred to individually as ""party to this Agreement"" and collectively as ""parties to this Agreement.""', 'Skype', 'Tel-Online Limited', 'Online BVI', 'Skype Technologies, S.A.', 'TOM Online (BVI) Limited', 'Skype Communications, S.A.', 'Tom Holding', 'Company', 'TOM Online Inc.', 'Skype Holding']",['22nd day of August 2005'],['22nd day of August 2005'],"['The term of this Agreement shall continue for a period of five years following the initial date of execution of the Memorandum, unless terminated earlier pursuant to Section 6.2 or Section 2.8 (""Initial Term"").']","['This Agreement shall automatically continue following the Initial Term, for an additional period of three (3) years, unless a party to this Agreement provides written notice of termination to the other parties at least sixty (60) days prior to the expiration of the Initial Term or this Agreement (""Extended Term"" and, with the Initial Term, ""Term"").']",Indian Law,Indian Contract Act 1872 & Trademark Act 1999,"Governs co-branding agreements, trademark usage, and contractual obligations between parties"
Development,"['also known as Stryker Orthopaedics (""Stryker"")', 'Conformis', 'Howmedica Osteonics Corp.', 'Conformis, Inc.', 'Stryker and Conformis are collectively referred to herein as the ""Parties"" and individually as a ""Party.""']","['September 30, 2019']","['September 30, 2019']","['The term of this Agreement shall begin as of the Effective Date and continue until Acceptance of all Deliverables for Milestones #1 and #2 pursuant to Section 3.4 and completion of Milestone #3, unless earlier terminated under Section 8.2, as provided for under the Other Agreements, or as mutually agreed by the Parties.']",[],Indian Law,Information Technology Act 2000,"Regulates software development, digital agreements, and IT services"
Development,"['Aucta Pharmaceuticals, Inc.', 'Eton Pharmaceuticals, Inc.', 'Aucta', 'ETON']","['June 12, 2019']","['The term of this Agreement shall automatically become effective upon the occurrence of (i) ETON executing a commercial supply agreement with a contract manufacturing organization within forty-five (45) days of the Execution Date, provided that ETON has exercised best efforts to execute such agreement and the failure to execute is solely caused by the refusal or inability of the proposed manufacturing organization to sign a reasonable agreement; and (ii) acceptance for review of the Dossier or marketing application for [ * * * ] by the FDA no later than September 2, 2019 (such date, the ""Effective Date"") and shall end upon the termination or expiration of the Agreement as set forth in Section 11 (the ""Term"").']","['The term of this Agreement shall automatically become effective upon the occurrence of (i) ETON executing a commercial supply agreement with a contract manufacturing organization within forty-five (45) days of the Execution Date, provided that ETON has exercised best efforts to execute such agreement and the failure to execute is solely caused by the refusal or inability of the proposed manufacturing organization to sign a reasonable agreement; and (ii) acceptance for review of the Dossier or marketing application for [ * * * ] by the FDA no later than September 2, 2019 (such date, the ""Effective Date"") and shall end upon the termination or expiration of the Agreement as set forth in Section 11 (the ""Term"").']",[],Indian Law,Information Technology Act 2000,"Regulates software development, digital agreements, and IT services"
Development,"['FuelCell Energy, Inc.', 'FCE', 'ExxonMobil', 'ExxonMobil Research and Engineering Company']","['November 5, 2019']","['""Effective Date"" means October 31, 2019.']","['Unless sooner terminated in accordance with this Article, this Agreement will continue in full force beginning on the Effective Date and ending two (2) years thereafter (""Term"").']",[],Indian Law,Information Technology Act 2000,"Regulates software development, digital agreements, and IT services"
Development,"['B C Marketing Concepts Inc., dba Full Sail Brewing Company', ""Reed's"", ""Reed's, Inc."", 'Company']","['October 11, 2019']","['October 11, 2019']","['The term of this Agreement shall commence on the Effective Date and shall continue for the longer of the first anniversary of the Effective Date or the duration of the Manufacturing and Distribution Agreement (the ""Term"").']",[],Indian Law,Information Technology Act 2000,"Regulates software development, digital agreements, and IT services"
Endorsement,"['(""NFLA"")', 'Gridiron BioNutrients™', '(""NFLA-NC"")', 'National Football League Alumni, Inc', 'National Football League Alumni - Northern California Chapter', 'Food For Athletes, Inc', '(collectively the ""Company"").']","['November 7, 2017']","['November 7, 2017']",[],[],Indian Law,Indian Law - General Contract Laws,Standard contractual obligations and business regulations apply
Endorsement,"['Eco Science Solutions, Inc.', 'Stephen Marley', 'Talent', 'ESSI']",['14th day of November 2017'],['14th day of November 2017'],"['The term of this Agreement shall be for one (1) year commencing on the Effective Date and automatically renewing annually thereafter, unless either party provides a thirty-day notice of written termination one to the other (""Term"").']","['The term of this Agreement shall be for one (1) year commencing on the Effective Date and automatically renewing annually thereafter, unless either party provides a thirty-day notice of written termination one to the other (""Term"").']",Indian Law,Indian Law - General Contract Laws,Standard contractual obligations and business regulations apply
Endorsement,"['Wade Enterprises, Athlete and together with Naked, are each referred to herein as a ""Party"" and collectively, the ""Parties"".', 'Naked', 'Athlete', 'Wade Enterprises', 'The Naked Brands Group, Inc.', '""Athlete"" and together with Wade Enterprises, collectively ""Wade"")', 'Wade Enterprises, LLC', 'f/s/o Dwyane Wade']","['15th day of June, 2015']","['15th day of June, 2015']","['The initial term of this Agreement shall be for a period of four (4) years, commencing on the Effective Date, which term may be extended for up to three (3) years by written agreement of both Parties prior to the expiration date of the initial term or any extension thereof (collectively, the ""Term"").']","['In the event that either Wade or Naked wishes to extend the Term of the Agreement as contemplated above, it shall provide the other Party with written notice at least ninety (90) days prior to the expiration of the Term.', 'The other Party will then have a period of fourteen (14) days from the date of the notice to indicate whether it also desires to extend the Term, on the terms and conditions set forth herein and if no such indication is made, the other Party will be deemed to have declined the offer to extend', 'The initial term of this Agreement shall be for a period of four (4) years, commencing on the Effective Date, which term may be extended for up to three (3) years by written agreement of both Parties prior to the expiration date of the initial term or any extension thereof (collectively, the ""Term"").']",Indian Law,Indian Law - General Contract Laws,Standard contractual obligations and business regulations apply
Franchise,"['TOWN OF VINTON, VIRGINIA', 'ROANOKE GAS COMPANY', 'Grantor', 'Grantee']","['17th day of November, 2015']","['The effective date of the Franchise will be January 1, 2016.']","['The term of the Franchise shall be twenty (20) years, commencing on January 1, 2016.']",[],Indian Law,Indian Law - General Contract Laws,Standard contractual obligations and business regulations apply
Franchise,"['Franchisor', 'Smaaash Entertainment Private Limited', 'I-AM Capital Acquisition Company', 'Franchisee']","['20t h day of November, 2018']","['20t h day of November, 2018']","['The term of this Agreement shall commence as of the Effective Date and shall continue until terminated as hereinafter provided (the ""Term"").']",[],Indian Law,Indian Law - General Contract Laws,Standard contractual obligations and business regulations apply
Hosting,"[""Mitchell's Web Advance, PLC"", 'Client', 'FreeCook', 'Company']","['January 11, 2018']",[],"['Terms of the project: 12 weeks from February 8, 2018 to May 3, 2018']",[],Indian Law,Indian Law - General Contract Laws,Standard contractual obligations and business regulations apply
Hosting,"['each individually referred to as ""Party"" and together as ""Parties"".', 'Elephant Talk Communication Holding AG', 'T-Mobile', 'T-Mobile Netherlands B.V.', 'ELEPHANT TALK']",['18/9/2008'],"['This Agreement shall come into force on the Date of the Agreement, and shall, subject to article 18, remain in full force and effect for an initial period of *** from the Commercial Launch Date.']","['This Agreement shall come into force on the Date of the Agreement, and shall, subject to article 18, remain in full force and effect for an initial period of *** from the Commercial Launch Date.']","['At the end of *** Parties will negotiate in good faith regarding a possible extension of the Initial Term.', 'Parties can mutually agree in writing to deviate from an automatic extension of *** by extending this Agreement for a longer period than ***.', 'If no termination notice is provided, the Agreement will be automatically extended for consecutive *** periods until such time as *** termination notice is provided.']",Indian Law,Indian Law - General Contract Laws,Standard contractual obligations and business regulations apply
Hosting,"['VITALIBIS INC', '-Licensee""', 'VOTOCAST, Inc.', '""VOTOCAST']",['3-14-18'],['The Effective Date of this Agreement shall be the later of the dates shown by the signatures below.'],"['This Agreement shall commence as of the Effective Date and shall continue in effect for one (I) year, unless earlier terminated as expressly provided in Sections 1.3. 10.1. or 10.2 of this Agreement (the *Initial Term"")']","['This Agreement shall automatically renew beyond the Initial Term for successive one (I) year terms (each, a ""Renewal Term""), unless a Party provides the other with written notice of termination at least one hundred eighty (180) days prior to the expiration of the Initial Term or the then-current Renewal Term.']",Indian Law,Indian Law - General Contract Laws,Standard contractual obligations and business regulations apply
Hosting,"['IBM', 'The Quantum Group Inc.', 'Customer', 'International Business Machines Corporation']",[],"['This Agreement will be effective beginning on 12:01 a.m., Eastern Time, on the day after the date of last signature to these Base Terms (""Effective Date"").']","['This Agreement will remain in effect for Thirty-six (36)<omitted>months following the Hosting Service Ready Date (""Term""), unless terminated earlier in accordance with the terms herein.']",[],Indian Law,Indian Law - General Contract Laws,Standard contractual obligations and business regulations apply
IP,"['CERENCE INC.', 'SpinCo', 'Nuance', 'NUANCE COMMUNICATIONS, INC.']","['September 30, 2019']","['This Agreement may be executed in one or more counterparts, all of which counterparts shall be considered one and the same agreement, and shall become effective when one or more counterparts have been signed by each Party and delivered to the other Party.']",[],[],Indian Law,Indian Law - General Contract Laws,Standard contractual obligations and business regulations apply
IP,"['HONEYWELL INTERNATIONAL INC.', 'GARRETT MOTION INC.', 'SpinCo', 'Honeywell']","['September 27, 2018']","['This Agreement may be executed in one or more counterparts, all of which counterparts shall be considered one and the same agreement, and shall become effective when one or more counterparts have been signed by each Party and delivered to the other Party.']",[],[],Indian Law,Indian Law - General Contract Laws,Standard contractual obligations and business regulations apply
IP,"['Investor', 'Company', 'Synchron', 'Rare Element Resources Ltd.']","['October 2, 2017']","['""Effective Date"" has the meaning of the ""Closing Date"" set forth in the Investment Agreement.']","['Unless earlier terminated in accordance with the terms of this Article XVI, this IP Agreement and the licenses granted herein will continue in effect from the Effective Date until the expiration of the last to expire of the Patents and any additional period of time thereafter that any of the Patents remain enforceable such as in the United States where a party can sue for infringement after a patent expires and seek damages for any infringement of the patent during the six years immediately preceding the filing of a suit for infringement.']",[],International Law,International Law - General Contract Laws,Standard contractual obligations and business regulations apply
Maintenance,"['AT&T Mobility LLC', 'Commnet Wireless, LLC', 'each of which may be referred to in the singular as a ""Party"" or in the plural as the ""Parties.""', 'Vendor', 'AT&T']","['31 day of July, 2019']","['31 day of July, 2019']","['The ""Term"" of this Agreement shall commence on the Effective Date and shall continue in full force and effect until the expiration or earlier termination of the last Addendum to expire or be terminated, at which time this Agreement will expire, unless this Agreement is sooner terminated in accordance with the terms and provisions of this Agreement.']",[],International Law,International Law - General Contract Laws,Standard contractual obligations and business regulations apply
Maintenance,"['Owner', 'DIAMOND STATE GENERATION PARTNERS, LLC', 'BE', 'BLOOM ENERGY CORPORATION', 'Operator']","['April 13, 2012']","['The term of this Agreement (the ""Term"") (a) shall commence on the first day of the Warranty Period for the first Bloom System to achieve Commencement of Operation and (b) shall, unless terminated earlier under Section 4.1 of this Agreement or unless extended by mutual agreement of the Parties, terminate on the date that is the last day of the Warranty Period for the last Bloom System to achieve Commencement of Operation.']","['The term of this Agreement (the ""Term"") (a) shall commence on the first day of the Warranty Period for the first Bloom System to achieve Commencement of Operation and (b) shall, unless terminated earlier under Section 4.1 of this Agreement or unless extended by mutual agreement of the Parties, terminate on the date that is the last day of the Warranty Period for the last Bloom System to achieve Commencement of Operation.']",[],International Law,International Law - General Contract Laws,Standard contractual obligations and business regulations apply
Maintenance,"['LEADER', 'EZJR', 'Leader Act Ltd', 'EZJR, Inc.']","['October 13, 2016']",[],"['Subject to all other terms and conditions set forth herein, as of the date of this agreement, LEADER maintain the software for an additional five years.']",[],International Law,International Law - General Contract Laws,Standard contractual obligations and business regulations apply
Transportation,"['MRD Operating LLC', 'PennTex North Louisiana Operating, LLC', 'Customer', 'Transporter', 'Hereinafter, Transporter and Customer may sometimes be referred to collectively as the ""Parties"" and individually as a ""Party']","['14t h day of April, 2015']","['14t h day of April, 2015']","['This Agreement shall commence on the Effective Date and continue in full force and effect until the end of the fifteenth (15th) Contract Year, and shall continue in full force and effect thereafter until terminated by either Party by providing thirty (30) calendar days\' prior written notice of termination to the other Party (such fifteen (15) Contract Year period, as may be further extended as provided herein is referred to as the ""Term"").']","['This Agreement shall commence on the Effective Date and continue in full force and effect until the end of the fifteenth (15th) Contract Year, and shall continue in full force and effect thereafter until terminated by either Party by providing thirty (30) calendar days\' prior written notice of termination to the other Party (such fifteen (15) Contract Year period, as may be further extended as provided herein is referred to as the ""Term"").']",International Law,International Law - General Contract Laws,Standard contractual obligations and business regulations apply
Transportation,"['Great Lakes Gas Transmission Limited Partnership', 'ANR PIPELINE COMPANY', 'Shipper', 'Transporter']","['December 14, 2015']","['EFFECTIVE DATE: November 01, 2016']","['TERM: November 01, 2014 to October 31, 2017']",[],International Law,International Law - General Contract Laws,Standard contractual obligations and business regulations apply
Transportation,"['Shipper and Carrier may be referred to individually as a ""Party,"" or collectively as the ""Parties.""', 'Carrier', 'Shipper', 'MRD Operating LLC', 'PennTex North Louisiana Operating, LLC']","['14t h day of April, 2015']","['14t h day of April, 2015']","['This Agreement shall commence on the Effective Date and continue in full force and effect until the end of the fifteenth (15th) Contract Year, and shall continue in full force and effect thereafter until terminated by either Party by providing thirty (30) calendar days\' prior written notice of termination to the other Party (such fifteen (15) Contract Year period, as may be further extended as provided herein is referred to as the ""Term"").']","['This Agreement shall commence on the Effective Date and continue in full force and effect until the end of the fifteenth (15th) Contract Year, and shall continue in full force and effect thereafter until terminated by either Party by providing thirty (30) calendar days\' prior written notice of termination to the other Party (such fifteen (15) Contract Year period, as may be further extended as provided herein is referred to as the ""Term"").']",International Law,International Law - General Contract Laws,Standard contractual obligations and business regulations apply
Transportation,"['Party A (Shipper): ZTO Express Co., Ltd.', 'Party B (Carrier): Tonglu Tongze Logistics Ltd.']","['December 22, 2014']","['This Agreement takes effect upon the signatures and seals of both Parties in triplicate.<omitted>December 22, 2014']",['Period of transportation services: this Agreement is valid for an indefinite term.'],[],International Law,International Law - General Contract Laws,Standard contractual obligations and business regulations apply
Co_Branding,"['2THEMART.COM, INC.', '2TheMart', 'i-Escrow', 'I-ESCROW, INC.']","['June 21, 1999']","['June 21, 1999']","['The term of this Agreement shall continue for one (1) year following the Launch Date, unless earlier terminated as provided herein.']","['In the event that either party does not give such notice, the term of this Agreement shall be automatically renewed for another one (1) year.', 'A party wishing to renew this Agreement shall give the other party notice thereof no less than thirty (30) days before the expiration of the term then in effect.']",International Law,WIPO Treaties & International Trademark Laws,Governs international brand collaborations and trademark protection
Co_Branding,"['Sponsor', 'Snap Technologies, Inc.', 'United Airlines, Inc.', 'Snap']","['June 8, 1999']","['The Term shall commence on the date of this Agreement and, unless earlier terminated or extended as provided below, shall end as of December 31, 2000.']","['The Term shall commence on the date of this Agreement and, unless earlier terminated or extended as provided below, shall end as of December 31, 2000.']",[],International Law,WIPO Treaties & International Trademark Laws,Governs international brand collaborations and trademark protection
Co_Branding,"['HEALTHCENTRAL.COM INC.', 'MEDIALINX INTERACTIVE, L.P.', 'MLX', 'HCI']",['30th day of June 1999'],"['The effective date of the start of the Term will be from the Launch Date.<omitted>The Parties have agreed that they will mutually approve the design of the Co-Branded Site and that the launch date of the Co-Branded Site shall be September 1st, 1999 unless mutually extended by the Parties as agreed to in writing.']","['The term of this Agreement shall be for a period of two (2) years (the ""Term"").']",[],International Law,WIPO Treaties & International Trademark Laws,Governs international brand collaborations and trademark protection
Co_Branding,"['Impresse Corporation', 'VerticalNet, Inc.', 'VerticalNet', 'Impresse']","['March 3, 2000']","['March 3, 2000']",['The Term of this Agreement shall begin on the Effective Date and shall end fifteen months therefrom.'],[],International Law,WIPO Treaties & International Trademark Laws,Governs international brand collaborations and trademark protection
Co_Branding,"['ebix.com, Inc.', 'ebix', 'About', 'About.com, Inc.']","['19th day of January, 2001']","['19th day of January, 2001']","['The term of this Agreement (the ""Term"") shall commence on the date hereof (the ""Effective Date"") and shall expire upon delivery of [**] to ebix, but in no way shall this Agreement extend any later than thirty (30) months from the Effective Date regardless of the number Filled Application Forms delivered to ebix. About will make commercially reasonable efforts to achieve that number in twelve (12) months or less from the Effective Date.']",[],International Law,WIPO Treaties & International Trademark Laws,Governs international brand collaborations and trademark protection
Co_Branding,"['At Home Corporation (""Excite@Home"" or ""Excite"")', 'e-centives, Inc., (""Application Provider"" or ""e-centives"")']","['16th day of February, 2000']","['16th day of February, 2000']","['The term of this Agreement will begin on the Effective Date and will end three (3) years from the date the Co-Branded Application becomes accessible to Excite@Home Members (""Launch Date"").']",[],International Law,WIPO Treaties & International Trademark Laws,Governs international brand collaborations and trademark protection
Co_Branding,"['Lucent Technologies Inc.', 'Lucent', 'mPhase Technologies Inc.', '(each individually, ""a Party"" and, collectively, ""the Parties""}.', 'mPhase']",['21st day of January 2003'],[],"['The Term of this Agreement will commence on the date above, and shall continue for a term of one (1) year']","['mPhase shall have the right to annually renew this agreement for a period of one year upon each annual expiration with the written consent of Lucent, which written consent shall not be unreasonably withheld.']",International Law,WIPO Treaties & International Trademark Laws,Governs international brand collaborations and trademark protection
Co_Branding,"['VerticalNet', 'LeadersOnline', 'VerticalNet, Inc.', '(each a ""Party"" and together the ""Parties"").', 'LeadersOnline, Inc.']","['March 15, 2000']","['March 15, 2000']","['Term shall mean the Effective Date through June 15, 2001 and any Renewal Term (as defined in paragraph 7.4 herein.)']","['LeadersOnline shall have the option, subject to VerticalNet\'s approval exercised in its sole and absolute discretion, to extend the Term of this Agreement for an additional 12 months (a ""Renewal Term"") on such terms and conditions as may be mutually agreed upon by the Parties.']",International Law,WIPO Treaties & International Trademark Laws,Governs international brand collaborations and trademark protection
Co_Branding,"['VerticalNet, Inc.', 'VerticalNet', 'Neoforma', 'Neoforma.com, Inc.']","['November 19, 1999']","['November 19, 1999']","['INITIAL TERM shall mean the Effective Date through the day prior to the second anniversary of the Effective Date, unless earlier terminated pursuant to Section 11.']","['This Agreement will automatically renew at the end of the Initial Term or a subsequent renewal term on a year to year basis (each, a ""Renewal Term""), unless either Party notifies the other at least 30 days prior to the end of the Initial Term or then current Renewal Term, as applicable, of its intention not to renew this Agreement (a ""Termination Notice"").']",International Law,WIPO Treaties & International Trademark Laws,Governs international brand collaborations and trademark protection
Co_Branding,"['PaperExchange', 'PaperExchange.com, LLC', 'VerticalNet, Inc.', 'VerticalNet']",[],"['September 30, 1999']","['Initial Term shall mean the Effective Date through the day prior to the fourth anniversary of the Effective Date, unless earlier terminated pursuant to Section 8']","['This Agreement will automatically renew at the end of the Initial Term or a subsequent renewal term on a year to year basis (each, a ""Renewal Term""), unless either party notifies the other at least 30 days prior to the end of the Initial Term or then current Renewal Term, as applicable, of its intention not to renew this Agreement.']",International Law,WIPO Treaties & International Trademark Laws,Governs international brand collaborations and trademark protection
Co_Branding,"['NETTAXI', '""SpinRecords.com"" or ""Client""', 'Solutions Media, Inc., dba SpinRecords.com', 'NETTAXI Online Communities, Inc.']","['Nov 5, 1999']","['Nov 5, 1999']","['This Agreement shall be effective upon the ------------------- Effective Date and shall remain in force for a period of one (1) year, and shall be automatically renewed for successive periods of one (1) year unless otherwise terminated as provided herein.']","['This Agreement shall be effective upon the<omitted>Effective Date and shall remain in force for a period of one (1) year, and shall be automatically renewed for successive periods of one (1) year unless otherwise terminated as provided herein.']",International Law,WIPO Treaties & International Trademark Laws,Governs international brand collaborations and trademark protection
Co_Branding,"['PlanetCAD Inc. (formerly known as Spatial Technology Inc.)', '(""Dassault Systemes"") and/or certain affiliates of Dassault Systemes,', 'PlanetCAD', 'Dassault Systemes', '(each a ""Party,"" together, the ""Parties"").']","['November 14, 2000']","['November 14, 2000']","['This Agreement shall be effective as of the Effective Date and shall continue in force for three years from the Launch Date (the ""Initial Term"") unless earlier']",['The Agreement shall automatically renew for successive one year additional terms unless terminated by either party at least six months prior to the expiration of the then-current term.'],International Law,WIPO Treaties & International Trademark Laws,Governs international brand collaborations and trademark protection
Co_Branding,"['The Boxlot Company', 'Boxlot', 'theglobe', 'theglobe.com, Inc.']","['March ___, 1999']","['March ___, 1999']","['""Launch Date"" means the first date on which the Service is made publicly available.<omitted>This Agreement will become effective on the Effective Date and will continue in effect for 2 years following the Launch Date.']",[],International Law,WIPO Treaties & International Trademark Laws,Governs international brand collaborations and trademark protection
Co_Branding,"['MBE', 'iShip.com, Inc.', 'MAILBOXES ETC. USA, INC.', 'Mail ------- Boxes Etc. USA, Inc.', 'Company']","['April 27, 1999']","['April 27, 1999']",['The initial term of this Agreement shall ----------------------- commence on the Effective Date and end on the fifth anniversary of the Effective Date.'],"['MBE shall have the right to elect by written notice to the Company at any time between two (2) and six (6) months prior to the end of such initial term or any subsequent Renewal Period (as defined below), to notify the Company that MBE elects to seek to extend such term for additional two (2)-year periods (each a ""Renewal Period"") In the event of such election, MBE and the Company shall have -------------- a period of sixty (60) days in which to negotiate commercially reasonable Basic Fees, Bounty Fees and eBay Fees (and other applicable fees) (""Fee Schedule"") ------------ under which the Company would be willing to renew this Agreement for such Renewal Period.', 'If MBE notifies the Company of its intent to so renew prior to the end of such initial term or such Renewal Period, the term of this Agreement shall automatically be extended for the Renewal Period and, other than the Fee Schedule, all of the terms and conditions of this Agreement shall remain in full force and effect.']",International Law,WIPO Treaties & International Trademark Laws,Governs international brand collaborations and trademark protection
Endorsement,"['Joseph Theismann', 'Bizzingo, Inc.', 'Theismann', 'Bizzingo']","['March 14, 2012']","['March 1, 2012']","['Unless sooner terminated under the provisions hereof, this Agreement shall commence on the Effective Date and continue for a period of one (1) year (""Term""). provided however, that the Parties may extend the Term for an additional year period by entering into an written addendum of the Agreement extending such term.']","['Unless sooner terminated under the provisions hereof, this Agreement shall commence on the Effective Date and continue for a period of one (1) year (""Term""). provided however, that the Parties may extend the Term for an additional year period by entering into an written addendum of the Agreement extending such term.']",International Law,International Law - General Contract Laws,Standard contractual obligations and business regulations apply
Endorsement,"['Berkshire', 'BERKSHIRE BANK', 'Auriemma', 'GENO AURIEMMA', '(Each or both of which shall hereinafter be referred to as the ""PARTY"" or ""PARTIES,"" respectively).']",['5/17/12'],[],"['""CONTRACT PERIOD"" means that period of time commencing upon the full execution of this Agreement by both Parties and terminating on May 31, 2016 unless sooner terminated under this Agreement.']",[],International Law,International Law - General Contract Laws,Standard contractual obligations and business regulations apply
Endorsement,"['NFLA-NC', 'National Football League Alumni, Inc.', 'Gridiron BioNutrients™', 'NFLA', 'National Football League Alumni - Northern California Chapter', 'Food For Athletes, Inc', '(collectively the ""Company"").']","['October 30, 2017']","['All terms of this Agreement will automatically commence on November 1st, 2017, and expire on November 2nd, 2020.']","['All terms of this Agreement will automatically commence on November 1st, 2017, and expire on November 2nd, 2020.']",[],International Law,International Law - General Contract Laws,Standard contractual obligations and business regulations apply
Endorsement,"['Celebrity Speakers', 'Tigrent Learning UK Limited', 'CSA', 'Talent', 'Robbie Fowler', 'Company']",['____ day of ______________ 2013'],"['""Commencement Date"" means: 1st January 2013.']","['""Term"" means: 1.5t January 2013 to 315t December 2013 or until terminated under the provisions of this Agreement or the Primary Agreement.']",['The period of license granted shall be for the Term and shall extend for a period of twenty four (24) months or until terminated as per clause 8 herein.'],International Law,International Law - General Contract Laws,Standard contractual obligations and business regulations apply
Endorsement,"['Ludmila Smolyansky', 'Lifeway', 'Individual', 'Lifeway Foods, Inc.']","['14th day of March, 2016']","['14th day of March, 2016']",[],[],International Law,International Law - General Contract Laws,Standard contractual obligations and business regulations apply
Endorsement,"['Andy North', 'Company', 'Golfers Incorporated', 'North']",['21s t day of February 2011'],"['February 21, 2011']","['""Contract Period"" shall mean that period of time from February 21, 2011 through December 31, 2012.']",[],International Law,International Law - General Contract Laws,Standard contractual obligations and business regulations apply
Endorsement,"['""Celebrity', 'Healthcare Distribution Specialists LLC', 'HDS', 'Paul Silas']","['February 20, 2012']","['February 20, 2012']","['The term of this Agreement shall be for one (1) year commencing on the Effective Date and ending on February 19, 2013 (""Term"").']",[],International Law,International Law - General Contract Laws,Standard contractual obligations and business regulations apply
Endorsement,"['""Employer"")', 'Prudential Bank', 'Employee', 'Jeffrey Hanuscin']","['1st day of June, 2017']","['1st day of June, 2017<omitted>WHEREAS, it is now understood and agreed that this split-dollar agreement is to be effective as of the date first listed above;']",[],[],International Law,International Law - General Contract Laws,Standard contractual obligations and business regulations apply
Endorsement,['Thrivent Financial for Lutherans'],"['July 1, 2019']","['July 1, 2019']",[],[],International Law,International Law - General Contract Laws,Standard contractual obligations and business regulations apply
Development,"['Fund', 'Blockchain Administrator', 'ARCA CAPITAL MANAGEMENT, LLC', 'ARCA U.S. TREASURY FUND,']","['[___], 2020']",['This Agreement shall become effective as of the first date above written'],"['This Agreement shall continue in effect for two years from the date hereof, and thereafter shall continue automatically for successive annual periods, provided that such continuance is specifically approved at least annually by (A) the vote of the Board, or by the vote of a majority of the outstanding voting securities of the Fund and (B) the vote of a majority of the Fund\'s directors who are not parties to this Agreement or ""interested persons"" (as such term is defined in Section 2(a)(19) of the Investment Fund Act) of any such party, in accordance with the requirements of the Investment Fund Act.']","['This Agreement shall continue in effect for two years from the date hereof, and thereafter shall continue automatically for successive annual periods, provided that such continuance is specifically approved at least annually by (A) the vote of the Board, or by the vote of a majority of the outstanding voting securities of the Fund and (B) the vote of a majority of the Fund\'s directors who are not parties to this Agreement or ""interested persons"" (as such term is defined in Section 2(a)(19) of the Investment Fund Act) of any such party, in accordance with the requirements of the Investment Fund Act.']",International Law,UNCITRAL Model Law on Electronic Commerce,Framework for international software development and digital services
Development,"['Xencor and Aimmune are sometimes referred to herein individually as a ""Party"" and collectively as the ""Parties"".', 'Xencor', 'Aimmune', 'Aimmune Therapeutics, Inc.', 'Xencor, Inc.']","['FEBRUARY 4, 2020']","['February 4, 2020']","['This Agreement shall become effective on the Effective Date and, unless earlier terminated pursuant to this ARTICLE 13, shall remain in effect on a Product-by-Product and country-by-country basis until the expiration of the Royalty Term applicable to such Product and country (the ""Term"").']",[],International Law,UNCITRAL Model Law on Electronic Commerce,Framework for international software development and digital services
Development,"['CNS and WPD are sometimes referred to herein individually as a ""Party"" and collectively as the ""Parties.""', 'WPD', 'CNS Pharmaceuticals, Inc.', 'CNS', 'WPD Pharmaceuticals']","['March 20, 2020']","['March 20, 2020']","['The term of this Agreement will commence on the Effective Date and remain in full force and effect until the expiration of the Sublicense Agreement, unless earlier termination by pursuant to the terms of this Agreement (""Term"").']",[],International Law,UNCITRAL Model Law on Electronic Commerce,Framework for international software development and digital services
Development,"['InfinixSoft Global LLC', 'Developer', 'Clickstream Corporation', 'Client']","['March 20, 2020']","['March 20, 2020']","['This Agreement shall become effective as of the Effective Date and, unless otherwise terminated in accordance with the provisions of Section 4 of this Agreement, will continue until the expiration of the Warranty Period as defined in subsection 9(a) of this Agreement.']",[],International Law,UNCITRAL Model Law on Electronic Commerce,Framework for international software development and digital services
Development,"['Licensee', 'Coherus BioSciences, Inc.', 'Bioeq', 'Bioeq IP AG']","['Nov. 02, 2019']","['Nov. 02, 2019']","[""Except as otherwise specified in this Agreement, the Parties' respective rights and obligations under this Agreement shall commence on the Effective Date and shall remain in full force for ten (10) years after the First Commercial Sale of the first Licensed Product, and shall thereafter automatically renew for an unlimited period of time unless otherwise terminated in accordance with Section 15.2.""]","[""Except as otherwise specified in this Agreement, the Parties' respective rights and obligations under this Agreement shall commence on the Effective Date and shall remain in full force for ten (10) years after the First Commercial Sale of the first Licensed Product, and shall thereafter automatically renew for an unlimited period of time unless otherwise terminated in accordance with Section 15.2.""]",International Law,UNCITRAL Model Law on Electronic Commerce,Framework for international software development and digital services
Development,"['""El Pollo Loco"" or ""Franchisor""', 'an individual', 'Developer', 'EL POLLO LOCO, INC.']",[],"['This Agreement shall commence on the date specified in Exhibit ""B"".']","['Notwithstanding any provision to the contrary contained herein, unless earlier terminated by either party, this Agreement shall expire on ______, 20___, and all rights of Developer herein shall cease and all unapplied or unused Development Fees paid pursuant to Section 3 hereof shall be forfeited to Franchisor.', 'Unless terminated pursuant to Section 10 or 11 below, it shall expire upon the earlier of the date specified in Exhibit ""B"" or upon the opening of the last El Pollo Loco® Restaurant listed in the Development Schedule.']",[],International Law,UNCITRAL Model Law on Electronic Commerce,Framework for international software development and digital services
Development,"['Emerald Health Nutraceuticals Inc.', 'EHS', 'EHN', 'Michael T. Murray, N.D', 'Dr. Murray', 'Emerald Health Sciences Inc.']",['1st day of September 2016'],['1st day of September 2016'],"['Dr. Murray\'s obligations set out herein shall be performed from the Effective Date until December 31, 2018 (the initial ""Services Term"").', 'Except as otherwise stated herein as pertaining only to a Services Term, this Agreement shall remain in effect for ten years, unless terminated in accordance with Sections 6.1 (a) or 6.2(b).']","[""The Services Term of this Agreement shall be automatically renewed for successive two-year terms thereafter unless written notice is given by either party to the other, indicating that party's intention not to renew the Services Term of this Agreement, at least ninety (90) days prior to the end of the initial Services Term or any renewed Services Term.""]",International Law,UNCITRAL Model Law on Electronic Commerce,Framework for international software development and digital services
Development,"['CC-Pharming', 'iBio Inc.', 'Beijing CC-Pharming Ltd.']","['August 08, 2018']","['The term of this Agreement (""Term"") will begin on the date this Agreement is signed by the last signatory (""Effective Date"") and remain in effect for [***]; provided, however, that the terms of this Agreement shall remain applicable to any SOW that was executed by the Parties prior to the expiration or termination of this Agreement but whose period of performance extends beyond the expiration or termination of this Agreement.<omitted>August 08, 2018']","['The term of this Agreement (""Term"") will begin on the date this Agreement is signed by the last signatory (""Effective Date"") and remain in effect for [***]; provided, however, that the terms of this Agreement shall remain applicable to any SOW that was executed by the Parties prior to the expiration or termination of this Agreement but whose period of performance extends beyond the expiration or termination of this Agreement.']",[],International Law,UNCITRAL Model Law on Electronic Commerce,Framework for international software development and digital services
Development,"['Developer', 'DSS', 'HotApp International Ltd.', 'Document Security Systems, Inc.']","['1s t day of March, 2018']","['1s t day of March, 2018']","['The initial term of this Agreement shall commence on the Effective Date, and shall continue thereafter for a period of twelve (12) months (the ""Initial Term"").']","['The Initial Term shall automatically renew for one-month periods thereafter unless either party provides 30- days advance notice of termination, unless earlier terminated pursuant to Section 2.2 hereof']",International Law,UNCITRAL Model Law on Electronic Commerce,Framework for international software development and digital services
Development,"['T&B Seminars, Inc.', 'LEA', 'Legacy Education Alliance Holdings, Inc.', 'T&B']",['12-23-2019'],['12-23-2019'],"['The Term shall commence upon the Effective Date and shall continue for an initial term of five (5) years.', 'The term ""Term"" shall mean an initial term of five years, automatically renewable thereafter for successive 5-year terms unless either party provides prior written notice of termination not less than 90 days prior to the end of such five-year term; provided, however, T&B shall have the right to terminate the license after the first year of the Term if LEA does not conduct the Business so as to meet the Cash Sales benchmarks set by the parties for years two through five of the Term, as set forth in Section 3.3, below.']",['The Term shall automatically renew thereafter for successive 5-year terms unless either party provides prior written notice of termination not less than 90 days prior to the end of such five-year term.'],International Law,UNCITRAL Model Law on Electronic Commerce,Framework for international software development and digital services
Development,"['LIQUIDMETAL TECHNOLOGIES, INC.', 'Eutectix', 'EUTECTIX, LLC', 'Liquidmetal']","[', 2020']","[', 2020']","['The initial term of this Agreement shall commence on the Effective Date and shall continue until the fifth (5t h) anniversary of the Effective Date (the ""Term""), unless the Agreement is sooner terminated in accordance with the terms of this Agreement.']","['Upon the expiration of the Term, the Term shall automatically extend for successive 12-month periods until one Party terminates the Agreement by providing at least 180 days prior written notice to the other Party prior to the expiration of the then-current term or unless sooner terminated in accordance with the terms of this Agreement.']",International Law,UNCITRAL Model Law on Electronic Commerce,Framework for international software development and digital services
Development,"['NLS-1 Pharma AG', 'Eurofarma Laboratórios S.A.', '""Licensee"" / ""Eurofarma""', '""Licensor"" / ""NLS""', '(Licensor and Licensee each a ʺPartyʺ collectively the ʺPartiesʺ)']",[],['Effective Date shall be the date of the last signature on the last page of this Agreement.'],"['This Agreement will come into effect on the Effective Date and shall continue in full force for ten (10) years from the Launch (the ""Initial Term""), or the date of expiry of the last valid patent of the Licensed Product, whichever comes later, subject to clauses 19.2, 19.3, 19.4 and 19.5 hereunder']",[],International Law,UNCITRAL Model Law on Electronic Commerce,Framework for international software development and digital services
Development,"['SFJ', 'each, a ""Party"" and collectively, the ""Parties"").', 'PhaseBio Pharmaceuticals Inc.', 'PB', 'SFJ Pharmaceuticals X, Ltd.']","['January 9, 2020']","['January 9, 2020']","['The term of this Agreement (the ""Term"") will commence on the Effective Date and will expire upon the earliest of (i) termination of this Agreement in accordance with Section 14.2, or (ii) the date of payment of the last Approval Payment due based on all applicable Regulatory Approvals which have been received.']",[],International Law,UNCITRAL Model Law on Electronic Commerce,Framework for international software development and digital services
Development,"['Revolution Medicines, Inc.', 'Sanofi and RevMed are referred to in this Agreement individually as a ""Party"" and collectively as the ""Parties.""', 'RevMed', 'Aventis, Inc.', 'Sanofi']","['June 8, 2018']","['June 8, 2018']","['The term of this Agreement shall commence upon the Effective Date and, unless earlier terminated pursuant to this Article XII, shall continue in full force and effect until the expiration of Sanofi\'s payment obligations under Article IX or the Profit/Loss Share Agreement, whichever is later (the ""Term"").']",[],International Law,UNCITRAL Model Law on Electronic Commerce,Framework for international software development and digital services
Development,"['Sekisui', 'Qualigen, Inc. and its Affiliates', 'Qualigen', 'Sekisui Diagnostics, LLC and its Affiliates']","['May 1, 2016']",[],"['The initial term of this Agreement shall commence on the Effective Date and shall continue for a period of five (5) years unless earlier terminated pursuant to Section 14 hereof (the ""Term"").']",['The initial term of this Agreement and any renewal term thereof shall be automatically extended at the end of the initial term and any renewal term thereof for an additional one (1) year period unless either Party notifies the other Party not less than six (6) months before the end of the then in effect term of its intent to terminate this Agreement.'],International Law,UNCITRAL Model Law on Electronic Commerce,Framework for international software development and digital services
Development,"['VAL', 'VGrab Asia Ltd.', 'Mr. Zheng Qing, Mr. Gu Xianwin and Ms. Chen Weijie']","['5th Day of March, 2019']",['This Agreement shall commence on 5th March 2019'],"['This Agreement commences on the date it is executed and shall continue until full performance by both parties, or until earlier terminated by one party under the terms of this Agreement.', 'This Agreement will be for the maximum period of six (6) months beginning for the commencement date, renewable in accordance with the terms hereof, unless earlier terminated pursuant to this Agreement.']",[],International Law,UNCITRAL Model Law on Electronic Commerce,Framework for international software development and digital services
IP,"['Armstrong Flooring, Inc.', 'Buyer', '""Licensing"" and together with Seller, ""Arizona"")', 'AHF Holding, Inc.', 'AFI Licensing LLC', 'Seller', 'formerly known as Tarzan HoldCo, Inc.)', 'Armstrong Hardwood Flooring Company', 'each of Arizona on the one hand and the Buyer Entities on the other hand, a ""Party"" and collectively, the ""Parties"").', '(the ""Company"" and together with Buyer the ""Buyer Entities""']","['December 31, 2018']","['December 31, 2018']","['Unless earlier terminated pursuant to the provisions hereof, the term of this Agreement and the licenses and other grants of rights (and related obligations) under this Agreement shall (i) with respect to the Arizona Licensed Trademarks, be for the Arizona Trademark License Term, (ii) with respect to the Diamond Licensed Trademarks, be for the Diamond Trademark License Term, (iii) with respect to the Phase- Out Marks, be for the term set forth in Section 6.6, and (iv) with respect to Copyrights, Know-How and Patents, be in perpetuity.']",[],International Law,International Law - General Contract Laws,Standard contractual obligations and business regulations apply
Endorsement,"[""Papa John's Marketing Fund, Inc"", ""Papa John's International, Inc."", 'ABG-Shaq, LLC', 'ABG', 'PJI', 'PJMF', 'PJMF and PJI are, individually and collectively, ""PAPA JOHN\'S""']","['March 15, 2019']","['March 15, 2019']","['Unless earlier terminated in accordance with the provisions hereof, the initial term of this Agreement (""Term"") is the Effective Date through March 15, 2022.']","[""The Agreement may be extended for one (1) year upon the parties' mutual agreement in writing, it being specifically understood the services to be performed by CELEBRITY (on behalf of ABG) and remuneration to ABG in connection with the same shall be negotiated in good faith.""]",International Law,International Law - General Contract Laws,Standard contractual obligations and business regulations apply
Franchise,"['Member', '___________________________', 'Franchisee']","['this _____ day of _________, 20___']",[],[],[],International Law,International Law - General Contract Laws,Standard contractual obligations and business regulations apply
Franchise,"['Pizza Fusion Holding, Inc.', '""You"" and ""your"" refers to the Franchisee.', 'the individual or legal entity identified on the cover page', '""we,"" ""us"" and ""our"" refers to Pizza Fusion Holding, Inc., the franchisor', 'Franchisee']",[],[],"['This Agreement expires ten (10) years from the Agreement Date (the ""Term""), unless it is terminated sooner as provided in other sections of this Agreement.']","['When this Agreement expires, you will have the option to continue the franchise relationship with us for two (2) additional terms of ten (10) years each.']",International Law,International Law - General Contract Laws,Standard contractual obligations and business regulations apply
Development,"['Pelican Delivers Inc.', 'DOT COM LLC, OBA Seattle Software Developers', 'Client', '(Developer and Client are individually referred to herein as a Party, and collectively as the Parties', 'Developer']","['December 3rd, 2018 (']","['December 3rd, 2018']","[""Unless otherwise provided herein, this Agreement will commence on the Effective Date and continue through the completion or termination of Developer's services and work product as mutually agreed upon between the Parties (the Project).""]",[],International Law,UNCITRAL Model Law on Electronic Commerce,Framework for international software development and digital services
Development,"['Developer', 'Client', 'SEATTLE SOFTWARE DEVELOPERS, Inc.', 'PELICAN DELIVERS INC.']",[],[],[],[],International Law,UNCITRAL Model Law on Electronic Commerce,Framework for international software development and digital services
Maintenance,"['Hereinafter individually referred to as the ""Party"" or collectively as the ""Parties""', 'AZUL LINHAS AÉREAS BRASILEIRAS S/A', 'AVIONS DE TRANSPORT REGIONAL, G.I.E', 'AZUL', 'ATR', '""Repairer\'', 'Company']","['January 6th, 2016']","['This Amendment shall enter into force on the date of its signature by both Parties and, unless otherwise agreed upon in writing by the Parties through a subsequent amendment to the GMA, shall remain in force for the term of the referenced GMA.<omitted>January 6th, 2016']","['This Amendment shall enter into force on the date of its signature by both Parties and, unless otherwise agreed upon in writing by the Parties through a subsequent amendment to the GMA, shall remain in force for the term of the referenced GMA.']",[],International Law,International Law - General Contract Laws,Standard contractual obligations and business regulations apply
Maintenance,"['the ""Repairer""or ""ATR"",', 'Hereinafter individually referred to as the ""Party"" or collectively as the ""Parties"", as the context requires.', 'AZUL LINHAS AÉREAS BRASILEIRAS S/A', '""Company"" or ""AZUL"",', 'AVIONS DE TRANSPORT REGIONAL']",['March 9th 2015'],[],"['The Agreement shall end on the End Date without any further action, unless otherwise provided under this Agreement.', '""End Date""\n\n\n\nmeans the date on which this Agreement is terminated or expires, and shall be the earlier to occur of the following, as appropriate: (i) the end of the Initial Term as defined in Clause 3.1of this Agreement; or, (ii) the end of the term of each annual renewal of this Agreement as per Clause 3.2 of this Agreement; or, (iii) the date on which all or part of this Agreement is terminated as per Clause 16 (""Termination"");', 'The Agreement enters into force on the Signing Date; it will have a duration of [*****] as from the Start Date (the ""Initial Term"").']","['Upon expiry of the Initial Term, this Agreement [*****] unless a Notice of non-renewal is given by either Party to the other Party [*****] prior to the expiry of the Initial Term or the end of a renewal period, if any.']",International Law,International Law - General Contract Laws,Standard contractual obligations and business regulations apply
Maintenance,"['<<enter Company Name>>', 'Bank of America', 'Supplier', 'Bank of America, N.A.']",[],[],[],[],International Law,International Law - General Contract Laws,Standard contractual obligations and business regulations apply
Maintenance,"['Bank of America', 'Bank of America, N. A', 'Cardlytics, Inc.', 'Supplier']",['3/4/11'],"['March 3, 2011']",[],[],International Law,International Law - General Contract Laws,Standard contractual obligations and business regulations apply
Maintenance,"['Cardlytics,', 'Bank of America', 'Supplier', 'Bank of America, N.A.']",[],[],['The first paid (Initial) Maintenance Term shall commence upon expiration of the Warranty Period and shall continue for twelve (12) months thereafter.'],"['Thereafter, the Maintenance Term shall automatically renew for successive period, 12 months, on the terms and conditions of this Agreement unless Bank of America terminates Maintenance Services pursuant to this Agreement.']",International Law,International Law - General Contract Laws,Standard contractual obligations and business regulations apply
Maintenance,"['Bank of America', 'Cardlytics, Inc.', 'Supplier', 'Bank of America, N.A.']",['11/4/10'],['11/4/10'],"['This Agreement shall apply and remain in effect from the Effective Date and perpetually thereafter unless terminated pursuant to the Section entitled ""Termination.""']",[],International Law,International Law - General Contract Laws,Standard contractual obligations and business regulations apply
Strategic Alliance,"['ChipMOS TECHNOLOGIES INC.', 'ChipMOS and Tsinghua Unigroup shall collectively be referred to as the ""Parties.""', 'Tsinghua Unigroup', 'Tsinghua Unigroup Ltd.', 'ChipMOS']","['11th day of December, 2015']",[],"['Except as otherwise provided herein, the term of this Agreement is three (3) years from the Execution Date (""Cooperation Period"").']",['The Parties may negotiate for an extension of this Agreement six (6) months before the expiration of the Cooperation Period.'],International Law,UN Convention on Contracts & International Commercial Laws,Regulates international business partnerships and agreements
Strategic Alliance,"['Bravatek Solutions, Inc.', 'COMPANY', 'Bravatek', 'Sibannac, Inc.']","['30th day of November, 2017']",[],"['The term of this Agreement is twelve (12) months from the date hereof, and will be automatically renewed for one (1) additional twelve month period unless either party shall notify the other in writing of its intention not to renew.']","['The term of this Agreement is twelve (12) months from the date hereof, and will be automatically renewed for one (1) additional twelve month period unless either party shall notify the other in writing of its intention not to renew.']",International Law,UN Convention on Contracts & International Commercial Laws,Regulates international business partnerships and agreements
Co_Branding,"['PC Quote, Inc.', 'A.B. Watley, Inc.', 'ABW', 'PCQ']","['December 9, 1996']","['December 9, 1996']",[],[],International Law,WIPO Treaties & International Trademark Laws,Governs international brand collaborations and trademark protection
Co_Branding,"['ABW', 'A.B. Watley, Inc.', 'PC QUOTE, INC.', 'PCQ']","['23rd day of February, 1998']","['23rd day of February, 1998']",[],[],International Law,WIPO Treaties & International Trademark Laws,Governs international brand collaborations and trademark protection
Co_Branding,"['PC QUOTE, INC.', 'PCQ', 'This agreement shall apply to said ABW and all of its subsidiaries and related companies.', 'ABW', 'AB Wately, Inc.']","['Oct. 11, 1996']",['The effective date for purposes of this Agreement is the contract date as specified on the signature page of this Agreement.<omitted>10-11-96'],[],[],International Law,WIPO Treaties & International Trademark Laws,Governs international brand collaborations and trademark protection
Franchise,"['K iosk Concep t s , I nc', 'F ranch i so r', 'Master Franchisee', 'Guarantors']",[],[],[],[],International Law,International Law - General Contract Laws,Standard contractual obligations and business regulations apply
Franchise,[],[],[],[],[],International Law,International Law - General Contract Laws,Standard contractual obligations and business regulations apply
Franchise,"['we', 'you', 'our', 'The Grilled Cheese Truck, Inc.', 'your', 'Master Franchisee', 'us', 'Kiosk Concepts, Inc.']","['_____ day of __________________, 2015']","['_____ day of __________________, 2015']","['The initial term of this Agreement shall commence upon the Effective Date and shall expire ten (10) years from the Effective Date, unless sooner terminated under the terms of this Agreement.']","['You shall have the option to renew the term of this Agreement, on the terms and conditions set forth in this Agreement, for four (4) additional ten (10) year terms, upon written notice given by you to us not less than six (6) months nor more than twelve (12) months prior to the scheduled expiration date of the term then in effect, provided that each of the following conditions are satisfied: 3.2.1 You shall not be in default of any provision of this Agreement, or any other agreement between you and us or our affiliates, or any standards set forth in the Manuals, and you shall have complied with all the terms and conditions of this Agreement, the Manuals and any other agreements during the term of this Agreement. 3.2.2 You shall have satisfied all monetary obligations owed by you to us and our affiliates, and shall have timely met those obligations throughout the term of this Agreement. 3.2.3 You shall, at our option, execute our then-current form of Master Franchise Agreement and any addenda thereto for the renewal term, which renewal agreement shall supersede this Agreement in all respects, and the terms of which, including, without limitation, continuing fees payable to us, may differ materially and be less advantageous to you than the terms of this Agreement. 3.2.4 You shall comply with our then-current qualification and training requirements. 3.2.5 You shall pay us a renewal fee in the sum of Ten Thousand Dollars ($10,000) for the right to renew this Agreement. 3.2.6 You shall execute a general release, in a form prescribed by us, of any and all claims which you may have or believe to have against us and/or our affiliates and our respective officers, directors, agents and employees, whether the claims are known or unknown, which are based on, arise from or relate to this Agreement or the Franchised Business, as well as claims, known or unknown, which are not based on, do not arise from or do not relate to this Agreement or the Franchised Business, but which relate to other franchise agreements, Franchised Businesses and other agreements between us or our affiliates and you which arose on or before the date of the general release, including, without limitation, all obligations, liabilities, demands, costs, expenses, damages, claims, actions and causes of action, of whatever nature, character or description, arising under federal, state and local laws, rules and ordinances (provided, however, that all rights enjoyed by you and any causes of action arising in your favor from the provisions of Article 33 of the New York General Business Law (""GBL"") and the regulations issued thereunder shall remain in force; it being the intent of this provision that the non-waiver provisions of GBL Sections 687.4 and 687.5 be satisfied).']",International Law,International Law - General Contract Laws,Standard contractual obligations and business regulations apply
Franchise,"['THE GRILLED CHEESE TRUCK, INC.', 'KIOSK CONCEPTS, INC.']","['______ day of ______________, 2015.']",[],[],[],International Law,International Law - General Contract Laws,Standard contractual obligations and business regulations apply
Non_Compete_Non_Solicit,"['GLAMIS GOLD LTD.', 'Glam is', 'Bach of the parties hereto agree that all of their covenants, agreements and obligations hereunder shall extend to and be binding upon and may be enforced against any and all of their respective subsidiaries and other Affiliates, as well as against the parties themselves, as the case may be, and that the names of Glamis and Western Copper will herein be deemed to refer collectively to Glamis and all of its subsidiaries and other Affiliates and to Western Copper and all of its subsidiaries and other Affiliates, respectively.', 'WESTERN COPPER CORPORATION', 'Western Copper']","['May 3,2006']","['Effective Date means May 3, 200ri or such later date as determined under the Arrangement Agreement,']",[],[],International Law,International Law - General Contract Laws,Standard contractual obligations and business regulations apply
Non_Compete_Non_Solicit,"['together with its successors and permitted assigns ""Vivint""', 'Each of Vivint Solar and Vivint may also be referred to herein individually as a ""Party"", and collectively as the ""Parties"".', 'VIVINT, INC.', 'together with its successors and permitted assigns, ""Vivint Solar""', 'VIVINT SOLAR, INC.']","['August 16, 2017']",[],"['This Agreement will become effective on the Effective Date, and will continue until the expiration of the ""Sales Term"" as that term is defined in the Sales Dealer Agreement dated as of August 16, 2017 between Vivint and Vivint Solar Developer, LLC (the ""Term"").""']",[],International Law,International Law - General Contract Laws,Standard contractual obligations and business regulations apply
Non_Compete_Non_Solicit,"['(""Gulf Houghton""', '""Gulf International"")', 'Quaker Chemical Corporation', '""Gulf Oil"" and, together with Gulf Houghton and Gulf International, the ""Sellers"" and each, a ""Seller"")', 'GOCL Corporation Limited,', 'Gulf Oil Lubricants India, Ltd, a public limited company incorporated in India (""Gulf India""), is executing this Agreement solely for purposes of Section 1(c) [Confidentiality; Non-competition; Non-solicitation].', 'Gulf Oil International Limited,', 'Gulf Houghton Lubricants Ltd.,', '""Buyer"")']","['August 1, 2019']","['August 1, 2019']",[],[],International Law,International Law - General Contract Laws,Standard contractual obligations and business regulations apply
Strategic Alliance,"['Dialog Semiconductor (UK) Ltd.', 'Energous Corporation', 'ENERGOUS', 'DIALOG']","['November 6, 2016']","['November 6, 2016']","['Unless earlier terminated as provided herein, this Agreement continues in effect for an initial term of seven (7) years (""Initial Term"") and will automatically renew for one or more annual periods after the Initial Term (each a ""Renewal Term"") unless either party gives notice of non-renewal at least one hundred eighty (180) days prior to the beginning of any Renewal Term.']","['Unless earlier terminated as provided herein, this Agreement continues in effect for an initial term of seven (7) years (""Initial Term"") and will automatically renew for one or more annual periods after the Initial Term (each a ""Renewal Term"") unless either party gives notice of non-renewal at least one hundred eighty (180) days prior to the beginning of any Renewal Term.']",International Law,UN Convention on Contracts & International Commercial Laws,Regulates international business partnerships and agreements
